retriever,faithfulness,answer_relevancy,context_precision,context_recall
vector,0.1722002635046113,0.4164593862271442,0.1249999999875,0.020833333333333332
ensemble,0.7434368191721132,0.542453656421363,0.688541666637387,0.5833333333333334
multiquery,0.35602487789987797,0.43650094991670757,0.101010101,0.16666666666666666
